<?xml version="1.0" encoding="UTF-8"?>
<project-private xmlns="http://www.netbeans.org/ns/project-private/1">
    <editor-bookmarks xmlns="http://www.netbeans.org/ns/editor-bookmarks/2" lastBookmarkId="0"/>
    <open-files xmlns="http://www.netbeans.org/ns/projectui-open-files/2">
        <group>
            <file>file:/C:/Users/Julian/Desktop/8vo%20CICLO/Programacion%20paralela/PROYECTO_PPC%2010-12/GestionHospitalaria/src/HistorialClinico/Buscar.java</file>
            <file>file:/C:/Users/Julian/Desktop/8vo%20CICLO/Programacion%20paralela/PROYECTO_PPC%2010-12/GestionHospitalaria/src/StaffMedico/Especialistas.java</file>
            <file>file:/C:/Users/Julian/Desktop/8vo%20CICLO/Programacion%20paralela/PROYECTO_PPC%2010-12/GestionHospitalaria/src/HistorialClinico/DekkerHistorialClinico.java</file>
            <file>file:/C:/Users/Julian/Desktop/8vo%20CICLO/Programacion%20paralela/PROYECTO_PPC%2010-12/GestionHospitalaria/src/HistorialClinico/interfacesBD.java</file>
            <file>file:/C:/Users/Julian/Desktop/8vo%20CICLO/Programacion%20paralela/PROYECTO_PPC%2010-12/GestionHospitalaria/src/StaffMedico/interfacesBD.java</file>
        </group>
    </open-files>
</project-private>
